{"mean_reward": -225.358212651043, "std_reward": 153.07954703823125, "mean_episode_length": 200.0}