{"mean_reward": -289.7917672668261, "std_reward": 213.539373027205, "mean_episode_length": 200.0}