{"mean_reward": -213.0276181444888, "std_reward": 140.4506285963823, "mean_episode_length": 200.0}