{"mean_reward": -173.71376631111127, "std_reward": 91.9202393440623, "time_taken_to_train_s": 321.8964614868164}