{"mean_reward": -244.36878302070056, "std_reward": 249.46463947927734, "mean_episode_length": 200.0}