{"mean_reward": -150.83433314100645, "std_reward": 98.76598243213493, "time_taken_to_train_s": 3328.4687378406525}