{"mean_reward": -161.7302602231326, "std_reward": 106.17798415736533, "time_taken_to_train_s": 198.54243850708008}