{"mean_reward": -226.5623998836265, "std_reward": 242.6245741315323, "mean_episode_length": 200.0}