{"mean_reward": -191.10373839043496, "std_reward": 191.29249671614195, "mean_episode_length": 200.0}