{"mean_reward": -241.58323230277554, "std_reward": 203.97408156052524, "time_taken_to_train_s": 364.5715069770813}